path	@id	schema
/r_N		/github/workspace/build/annotated/pdes/o3/fischfang/schema.yaml
/k		/github/workspace/build/annotated/pdes/o3/fischfang/schema.yaml
/e		/github/workspace/build/annotated/pdes/o3/fischfang/schema.yaml
/m		/github/workspace/build/annotated/pdes/o3/fischfang/schema.yaml
/q		/github/workspace/build/annotated/pdes/o3/fischfang/schema.yaml
/p		/github/workspace/build/annotated/pdes/o3/fischfang/schema.yaml
/pF		/github/workspace/build/annotated/pdes/o3/fischfang/schema.yaml
/c		/github/workspace/build/annotated/pdes/o3/fischfang/schema.yaml
/N0		/github/workspace/build/annotated/pdes/o3/fischfang/schema.yaml
/F0		/github/workspace/build/annotated/pdes/o3/fischfang/schema.yaml
/E0		/github/workspace/build/annotated/pdes/o3/fischfang/schema.yaml
